shape,arm,round,us
grid100,base,0,2447.333
grid100,base_ctl,0,2431.958
grid100,twin,0,2355.167
grid100,new,0,2338.208
grid100,newtwin,0,2310.167
grid100,base,1,2452.208
grid100,newtwin,1,2353.458
grid100,new,1,2358.917
grid100,twin,1,2372.042
grid100,base_ctl,1,2417.750
grid100,twin,2,2356.875
grid100,new,2,2394.458
grid100,newtwin,2,2328.334
grid100,base,2,2463.250
grid100,base_ctl,2,2414.500
grid100,twin,3,2344.792
grid100,base_ctl,3,2409.500
grid100,base,3,2388.000
grid100,newtwin,3,2302.542
grid100,new,3,2336.209
grid100,newtwin,4,2298.458
grid100,base,4,2392.417
grid100,base_ctl,4,2395.209
grid100,twin,4,2336.042
grid100,new,4,2334.000
grid100,newtwin,5,2309.042
grid100,new,5,2322.458
grid100,twin,5,2368.500
grid100,base_ctl,5,2445.375
grid100,base,5,2400.584
grid100,base_ctl,6,2402.542
grid100,twin,6,2343.500
grid100,new,6,2335.125
grid100,newtwin,6,2311.209
grid100,base,6,2389.625
grid100,base_ctl,7,2416.583
grid100,base,7,2425.459
grid100,newtwin,7,2307.417
grid100,new,7,2323.958
grid100,twin,7,2334.834
grid100,new,8,2342.875
grid100,newtwin,8,2307.750
grid100,base,8,2411.125
grid100,base_ctl,8,2391.458
grid100,twin,8,2348.167
grid100,new,9,2322.916
grid100,twin,9,2348.917
grid100,base_ctl,9,2393.542
grid100,base,9,2416.375
grid100,newtwin,9,2321.625
grid100,base,10,2421.583
grid100,base_ctl,10,2396.916
grid100,twin,10,2355.667
grid100,new,10,2336.375
grid100,newtwin,10,2301.583
grid100,base,11,2401.833
grid100,newtwin,11,2306.333
grid100,new,11,2327.791
grid100,twin,11,2344.375
grid100,base_ctl,11,2394.958
grid100_g1,base,0,3194.875
grid100_g1,base_ctl,0,3200.875
grid100_g1,twin,0,3118.458
grid100_g1,new,0,3075.750
grid100_g1,newtwin,0,3077.000
grid100_g1,base,1,3220.833
grid100_g1,newtwin,1,3054.500
grid100_g1,new,1,3097.709
grid100_g1,twin,1,3138.166
grid100_g1,base_ctl,1,3186.875
grid100_g1,twin,2,3160.209
grid100_g1,new,2,3115.000
grid100_g1,newtwin,2,3065.958
grid100_g1,base,2,3195.375
grid100_g1,base_ctl,2,3200.875
grid100_g1,twin,3,3164.792
grid100_g1,base_ctl,3,3180.125
grid100_g1,base,3,3199.167
grid100_g1,newtwin,3,3094.792
grid100_g1,new,3,3122.833
grid100_g1,newtwin,4,3092.208
grid100_g1,base,4,3194.917
grid100_g1,base_ctl,4,3190.584
grid100_g1,twin,4,3139.875
grid100_g1,new,4,3109.667
grid100_g1,newtwin,5,3056.000
grid100_g1,new,5,3119.875
grid100_g1,twin,5,3144.167
grid100_g1,base_ctl,5,3182.166
grid100_g1,base,5,3177.375
grid100_g1,base_ctl,6,3253.209
grid100_g1,twin,6,3145.959
grid100_g1,new,6,3103.500
grid100_g1,newtwin,6,3075.375
grid100_g1,base,6,3179.500
grid100_g1,base_ctl,7,3176.833
grid100_g1,base,7,3165.250
grid100_g1,newtwin,7,3073.167
grid100_g1,new,7,3121.625
grid100_g1,twin,7,3143.167
grid100_g1,new,8,3105.708
grid100_g1,newtwin,8,3071.708
grid100_g1,base,8,3179.042
grid100_g1,base_ctl,8,3180.125
grid100_g1,twin,8,3153.667
grid100_g1,new,9,3180.875
grid100_g1,twin,9,3166.458
grid100_g1,base_ctl,9,3214.250
grid100_g1,base,9,3217.125
grid100_g1,newtwin,9,3090.875
grid100_g1,base,10,3208.750
grid100_g1,base_ctl,10,3158.917
grid100_g1,twin,10,3158.042
grid100_g1,new,10,3134.708
grid100_g1,newtwin,10,3062.334
grid100_g1,base,11,3210.417
grid100_g1,newtwin,11,3111.542
grid100_g1,new,11,3097.125
grid100_g1,twin,11,3148.584
grid100_g1,base_ctl,11,3179.167
grid300,base,0,22746.750
grid300,base_ctl,0,22940.500
grid300,twin,0,23318.917
grid300,new,0,22236.125
grid300,newtwin,0,22128.166
grid300,base,1,22678.583
grid300,newtwin,1,22004.917
grid300,new,1,22075.334
grid300,twin,1,22198.375
grid300,base_ctl,1,22700.917
grid300,twin,2,22804.125
grid300,new,2,22500.875
grid300,newtwin,2,22285.542
grid300,base,2,22564.584
grid300,base_ctl,2,22660.417
grid300,twin,3,22258.125
grid300,base_ctl,3,22777.958
grid300,base,3,22733.000
grid300,newtwin,3,21950.625
grid300,new,3,22149.375
grid300,newtwin,4,21841.375
grid300,base,4,23009.958
grid300,base_ctl,4,22697.583
grid300,twin,4,22270.584
grid300,new,4,22383.917
grid300,newtwin,5,21933.334
grid300,new,5,22183.959
grid300,twin,5,22512.708
grid300,base_ctl,5,22945.125
grid300,base,5,22889.583
grid300,base_ctl,6,22465.333
grid300,twin,6,23384.208
grid300,new,6,24629.500
grid300,newtwin,6,23953.542
grid300,base,6,25532.167
grid300,base_ctl,7,25206.625
grid300,base,7,24318.416
grid300,newtwin,7,22498.875
grid300,new,7,22738.875
grid300,twin,7,24173.834
grid300,new,8,23308.333
grid300,newtwin,8,24018.084
grid300,base,8,23634.584
grid300,base_ctl,8,24685.750
grid300,twin,8,23291.333
grid300,new,9,22397.667
grid300,twin,9,24227.791
grid300,base_ctl,9,24069.000
grid300,base,9,23681.166
grid300,newtwin,9,22697.000
grid300,base,10,24276.042
grid300,base_ctl,10,24471.459
grid300,twin,10,23126.875
grid300,new,10,24836.209
grid300,newtwin,10,23682.875
grid300,base,11,23228.083
grid300,newtwin,11,22435.542
grid300,new,11,22603.334
grid300,twin,11,22845.708
grid300,base_ctl,11,23360.291
rand_n20000_deg8,base,0,42243.125
rand_n20000_deg8,base_ctl,0,41468.542
rand_n20000_deg8,twin,0,39484.916
rand_n20000_deg8,new,0,37537.709
rand_n20000_deg8,newtwin,0,36750.709
rand_n20000_deg8,base,1,37002.875
rand_n20000_deg8,newtwin,1,35951.917
rand_n20000_deg8,new,1,36627.209
rand_n20000_deg8,twin,1,37715.542
rand_n20000_deg8,base_ctl,1,36987.500
rand_n20000_deg8,twin,2,37079.250
rand_n20000_deg8,new,2,39167.042
rand_n20000_deg8,newtwin,2,38645.792
rand_n20000_deg8,base,2,39861.583
rand_n20000_deg8,base_ctl,2,37893.125
rand_n20000_deg8,twin,3,36730.208
rand_n20000_deg8,base_ctl,3,38091.208
rand_n20000_deg8,base,3,38264.417
rand_n20000_deg8,newtwin,3,36608.542
rand_n20000_deg8,new,3,36387.375
rand_n20000_deg8,newtwin,4,35463.958
rand_n20000_deg8,base,4,35868.791
rand_n20000_deg8,base_ctl,4,35851.958
rand_n20000_deg8,twin,4,35729.834
rand_n20000_deg8,new,4,34990.542
rand_n20000_deg8,newtwin,5,35738.167
rand_n20000_deg8,new,5,35844.875
rand_n20000_deg8,twin,5,35739.875
rand_n20000_deg8,base_ctl,5,36136.708
rand_n20000_deg8,base,5,36327.792
rand_n20000_deg8,base_ctl,6,36279.042
rand_n20000_deg8,twin,6,35977.208
rand_n20000_deg8,new,6,36263.791
rand_n20000_deg8,newtwin,6,35977.500
rand_n20000_deg8,base,6,36350.000
rand_n20000_deg8,base_ctl,7,36236.166
rand_n20000_deg8,base,7,35936.917
rand_n20000_deg8,newtwin,7,35422.375
rand_n20000_deg8,new,7,35634.875
rand_n20000_deg8,twin,7,35870.292
rand_n20000_deg8,new,8,35574.958
rand_n20000_deg8,newtwin,8,35545.709
rand_n20000_deg8,base,8,36381.167
rand_n20000_deg8,base_ctl,8,36084.584
rand_n20000_deg8,twin,8,36002.000
rand_n20000_deg8,new,9,35438.208
rand_n20000_deg8,twin,9,35915.458
rand_n20000_deg8,base_ctl,9,36393.250
rand_n20000_deg8,base,9,36307.542
rand_n20000_deg8,newtwin,9,35521.333
rand_n20000_deg8,base,10,35907.625
rand_n20000_deg8,base_ctl,10,36071.375
rand_n20000_deg8,twin,10,35729.458
rand_n20000_deg8,new,10,35768.084
rand_n20000_deg8,newtwin,10,35276.000
rand_n20000_deg8,base,11,35817.875
rand_n20000_deg8,newtwin,11,35771.292
rand_n20000_deg8,new,11,35873.417
rand_n20000_deg8,twin,11,36024.667
rand_n20000_deg8,base_ctl,11,36135.958
rand_n5000_deg28,base,0,20934.292
rand_n5000_deg28,base_ctl,0,20903.250
rand_n5000_deg28,twin,0,20749.625
rand_n5000_deg28,new,0,20647.709
rand_n5000_deg28,newtwin,0,20641.208
rand_n5000_deg28,base,1,20947.625
rand_n5000_deg28,newtwin,1,20562.833
rand_n5000_deg28,new,1,20692.000
rand_n5000_deg28,twin,1,20639.625
rand_n5000_deg28,base_ctl,1,20931.667
rand_n5000_deg28,twin,2,20773.666
rand_n5000_deg28,new,2,20714.416
rand_n5000_deg28,newtwin,2,20388.334
rand_n5000_deg28,base,2,20929.417
rand_n5000_deg28,base_ctl,2,20782.125
rand_n5000_deg28,twin,3,20499.791
rand_n5000_deg28,base_ctl,3,20765.500
rand_n5000_deg28,base,3,20725.875
rand_n5000_deg28,newtwin,3,20654.042
rand_n5000_deg28,new,3,20427.750
rand_n5000_deg28,newtwin,4,20542.833
rand_n5000_deg28,base,4,20951.000
rand_n5000_deg28,base_ctl,4,20842.875
rand_n5000_deg28,twin,4,20882.375
rand_n5000_deg28,new,4,20578.208
rand_n5000_deg28,newtwin,5,20634.125
rand_n5000_deg28,new,5,20607.708
rand_n5000_deg28,twin,5,20874.959
rand_n5000_deg28,base_ctl,5,20884.166
rand_n5000_deg28,base,5,20729.917
rand_n5000_deg28,base_ctl,6,20813.875
rand_n5000_deg28,twin,6,20489.625
rand_n5000_deg28,new,6,20526.167
rand_n5000_deg28,newtwin,6,20380.916
rand_n5000_deg28,base,6,21046.375
rand_n5000_deg28,base_ctl,7,20831.750
rand_n5000_deg28,base,7,20989.000
rand_n5000_deg28,newtwin,7,20962.709
rand_n5000_deg28,new,7,20645.583
rand_n5000_deg28,twin,7,20666.750
rand_n5000_deg28,new,8,20394.833
rand_n5000_deg28,newtwin,8,20458.167
rand_n5000_deg28,base,8,20761.250
rand_n5000_deg28,base_ctl,8,20858.417
rand_n5000_deg28,twin,8,20568.041
rand_n5000_deg28,new,9,20394.000
rand_n5000_deg28,twin,9,20622.833
rand_n5000_deg28,base_ctl,9,20760.083
rand_n5000_deg28,base,9,22080.000
rand_n5000_deg28,newtwin,9,20347.375
rand_n5000_deg28,base,10,20728.625
rand_n5000_deg28,base_ctl,10,20737.709
rand_n5000_deg28,twin,10,20710.458
rand_n5000_deg28,new,10,20716.750
rand_n5000_deg28,newtwin,10,20514.916
rand_n5000_deg28,base,11,20675.000
rand_n5000_deg28,newtwin,11,20492.333
rand_n5000_deg28,new,11,22058.167
rand_n5000_deg28,twin,11,21069.750
rand_n5000_deg28,base_ctl,11,22215.500
rand_n5000_deg28_g10,base,0,20994.875
rand_n5000_deg28_g10,base_ctl,0,21182.667
rand_n5000_deg28_g10,twin,0,20803.209
rand_n5000_deg28_g10,new,0,20613.334
rand_n5000_deg28_g10,newtwin,0,20947.125
rand_n5000_deg28_g10,base,1,21520.750
rand_n5000_deg28_g10,newtwin,1,20927.250
rand_n5000_deg28_g10,new,1,20657.375
rand_n5000_deg28_g10,twin,1,20734.541
rand_n5000_deg28_g10,base_ctl,1,21138.750
rand_n5000_deg28_g10,twin,2,21055.542
rand_n5000_deg28_g10,new,2,20751.500
rand_n5000_deg28_g10,newtwin,2,20645.500
rand_n5000_deg28_g10,base,2,21093.000
rand_n5000_deg28_g10,base_ctl,2,20764.125
rand_n5000_deg28_g10,twin,3,20703.417
rand_n5000_deg28_g10,base_ctl,3,21200.375
rand_n5000_deg28_g10,base,3,20967.958
rand_n5000_deg28_g10,newtwin,3,20378.292
rand_n5000_deg28_g10,new,3,20355.333
rand_n5000_deg28_g10,newtwin,4,20575.625
rand_n5000_deg28_g10,base,4,21175.375
rand_n5000_deg28_g10,base_ctl,4,21004.250
rand_n5000_deg28_g10,twin,4,20623.000
rand_n5000_deg28_g10,new,4,20715.584
rand_n5000_deg28_g10,newtwin,5,20531.708
rand_n5000_deg28_g10,new,5,20442.000
rand_n5000_deg28_g10,twin,5,20556.834
rand_n5000_deg28_g10,base_ctl,5,20860.291
rand_n5000_deg28_g10,base,5,21582.250
rand_n5000_deg28_g10,base_ctl,6,21200.209
rand_n5000_deg28_g10,twin,6,21273.209
rand_n5000_deg28_g10,new,6,20841.125
rand_n5000_deg28_g10,newtwin,6,20655.334
rand_n5000_deg28_g10,base,6,21388.625
rand_n5000_deg28_g10,base_ctl,7,21182.958
rand_n5000_deg28_g10,base,7,21967.750
rand_n5000_deg28_g10,newtwin,7,20793.667
rand_n5000_deg28_g10,new,7,20793.792
rand_n5000_deg28_g10,twin,7,21693.500
rand_n5000_deg28_g10,new,8,20962.000
rand_n5000_deg28_g10,newtwin,8,21173.333
rand_n5000_deg28_g10,base,8,21623.792
rand_n5000_deg28_g10,base_ctl,8,21315.500
rand_n5000_deg28_g10,twin,8,21466.709
rand_n5000_deg28_g10,new,9,20802.250
rand_n5000_deg28_g10,twin,9,21029.791
rand_n5000_deg28_g10,base_ctl,9,21428.583
rand_n5000_deg28_g10,base,9,21381.125
rand_n5000_deg28_g10,newtwin,9,20761.792
rand_n5000_deg28_g10,base,10,20736.541
rand_n5000_deg28_g10,base_ctl,10,20923.750
rand_n5000_deg28_g10,twin,10,20860.000
rand_n5000_deg28_g10,new,10,20677.708
rand_n5000_deg28_g10,newtwin,10,20671.834
rand_n5000_deg28_g10,base,11,20864.083
rand_n5000_deg28_g10,newtwin,11,20638.833
rand_n5000_deg28_g10,new,11,20545.500
rand_n5000_deg28_g10,twin,11,20688.875
rand_n5000_deg28_g10,base_ctl,11,21102.166
rand_n2000_deg12,base,0,3472.708
rand_n2000_deg12,base_ctl,0,3469.375
rand_n2000_deg12,twin,0,3458.541
rand_n2000_deg12,new,0,3462.875
rand_n2000_deg12,newtwin,0,3427.583
rand_n2000_deg12,base,1,3477.500
rand_n2000_deg12,newtwin,1,3440.959
rand_n2000_deg12,new,1,3507.709
rand_n2000_deg12,twin,1,3496.750
rand_n2000_deg12,base_ctl,1,3499.333
rand_n2000_deg12,twin,2,3468.625
rand_n2000_deg12,new,2,3455.334
rand_n2000_deg12,newtwin,2,3465.000
rand_n2000_deg12,base,2,3500.750
rand_n2000_deg12,base_ctl,2,3469.750
rand_n2000_deg12,twin,3,3473.209
rand_n2000_deg12,base_ctl,3,3472.667
rand_n2000_deg12,base,3,3470.208
rand_n2000_deg12,newtwin,3,3412.167
rand_n2000_deg12,new,3,3446.916
rand_n2000_deg12,newtwin,4,3412.042
rand_n2000_deg12,base,4,3501.875
rand_n2000_deg12,base_ctl,4,3503.958
rand_n2000_deg12,twin,4,3438.375
rand_n2000_deg12,new,4,3456.708
rand_n2000_deg12,newtwin,5,3420.209
rand_n2000_deg12,new,5,3465.708
rand_n2000_deg12,twin,5,3453.083
rand_n2000_deg12,base_ctl,5,3471.125
rand_n2000_deg12,base,5,3473.958
rand_n2000_deg12,base_ctl,6,3473.958
rand_n2000_deg12,twin,6,3440.000
rand_n2000_deg12,new,6,3436.833
rand_n2000_deg12,newtwin,6,3430.417
rand_n2000_deg12,base,6,3475.083
rand_n2000_deg12,base_ctl,7,3470.042
rand_n2000_deg12,base,7,3470.125
rand_n2000_deg12,newtwin,7,3415.500
rand_n2000_deg12,new,7,3435.458
rand_n2000_deg12,twin,7,3448.750
rand_n2000_deg12,new,8,3437.292
rand_n2000_deg12,newtwin,8,3437.084
rand_n2000_deg12,base,8,3484.041
rand_n2000_deg12,base_ctl,8,3478.334
rand_n2000_deg12,twin,8,3443.542
rand_n2000_deg12,new,9,3587.958
rand_n2000_deg12,twin,9,3502.000
rand_n2000_deg12,base_ctl,9,3521.042
rand_n2000_deg12,base,9,3714.958
rand_n2000_deg12,newtwin,9,3531.750
rand_n2000_deg12,base,10,3470.291
rand_n2000_deg12,base_ctl,10,3489.125
rand_n2000_deg12,twin,10,3444.458
rand_n2000_deg12,new,10,3646.208
rand_n2000_deg12,newtwin,10,3422.958
rand_n2000_deg12,base,11,3475.958
rand_n2000_deg12,newtwin,11,3600.834
rand_n2000_deg12,new,11,3626.417
rand_n2000_deg12,twin,11,3472.042
rand_n2000_deg12,base_ctl,11,3484.625
rand_n300_deg40,base,0,825.416
rand_n300_deg40,base_ctl,0,826.917
rand_n300_deg40,twin,0,818.916
rand_n300_deg40,new,0,811.750
rand_n300_deg40,newtwin,0,805.709
rand_n300_deg40,base,1,819.708
rand_n300_deg40,newtwin,1,804.667
rand_n300_deg40,new,1,810.042
rand_n300_deg40,twin,1,813.125
rand_n300_deg40,base_ctl,1,819.833
rand_n300_deg40,twin,2,813.041
rand_n300_deg40,new,2,810.042
rand_n300_deg40,newtwin,2,804.459
rand_n300_deg40,base,2,819.292
rand_n300_deg40,base_ctl,2,817.083
rand_n300_deg40,twin,3,813.833
rand_n300_deg40,base_ctl,3,819.166
rand_n300_deg40,base,3,818.250
rand_n300_deg40,newtwin,3,803.834
rand_n300_deg40,new,3,808.750
rand_n300_deg40,newtwin,4,807.500
rand_n300_deg40,base,4,820.667
rand_n300_deg40,base_ctl,4,818.875
rand_n300_deg40,twin,4,814.917
rand_n300_deg40,new,4,809.959
rand_n300_deg40,newtwin,5,805.625
rand_n300_deg40,new,5,809.625
rand_n300_deg40,twin,5,814.083
rand_n300_deg40,base_ctl,5,820.583
rand_n300_deg40,base,5,819.333
rand_n300_deg40,base_ctl,6,818.250
rand_n300_deg40,twin,6,814.375
rand_n300_deg40,new,6,810.958
rand_n300_deg40,newtwin,6,805.125
rand_n300_deg40,base,6,820.041
rand_n300_deg40,base_ctl,7,818.166
rand_n300_deg40,base,7,818.209
rand_n300_deg40,newtwin,7,806.042
rand_n300_deg40,new,7,809.792
rand_n300_deg40,twin,7,814.417
rand_n300_deg40,new,8,810.208
rand_n300_deg40,newtwin,8,805.458
rand_n300_deg40,base,8,820.125
rand_n300_deg40,base_ctl,8,817.959
rand_n300_deg40,twin,8,813.958
rand_n300_deg40,new,9,808.167
rand_n300_deg40,twin,9,811.125
rand_n300_deg40,base_ctl,9,818.584
rand_n300_deg40,base,9,817.000
rand_n300_deg40,newtwin,9,799.459
rand_n300_deg40,base,10,818.083
rand_n300_deg40,base_ctl,10,814.833
rand_n300_deg40,twin,10,812.875
rand_n300_deg40,new,10,807.125
rand_n300_deg40,newtwin,10,802.250
rand_n300_deg40,base,11,814.125
rand_n300_deg40,newtwin,11,803.084
rand_n300_deg40,new,11,807.000
rand_n300_deg40,twin,11,812.875
rand_n300_deg40,base_ctl,11,815.500
complete_n512,base,0,10104.125
complete_n512,base_ctl,0,10399.334
complete_n512,twin,0,10302.209
complete_n512,new,0,10180.500
complete_n512,newtwin,0,10236.542
complete_n512,base,1,10098.125
complete_n512,newtwin,1,10060.458
complete_n512,new,1,9910.500
complete_n512,twin,1,10227.417
complete_n512,base_ctl,1,10068.500
complete_n512,twin,2,9918.209
complete_n512,new,2,9827.583
complete_n512,newtwin,2,9856.917
complete_n512,base,2,10014.333
complete_n512,base_ctl,2,9992.500
complete_n512,twin,3,9880.542
complete_n512,base_ctl,3,10009.542
complete_n512,base,3,9969.417
complete_n512,newtwin,3,9803.708
complete_n512,new,3,9742.791
complete_n512,newtwin,4,9872.083
complete_n512,base,4,10052.917
complete_n512,base_ctl,4,10038.875
complete_n512,twin,4,9848.542
complete_n512,new,4,9832.375
complete_n512,newtwin,5,9862.833
complete_n512,new,5,9788.458
complete_n512,twin,5,9880.042
complete_n512,base_ctl,5,10171.083
complete_n512,base,5,10646.958
complete_n512,base_ctl,6,10035.625
complete_n512,twin,6,10029.833
complete_n512,new,6,9851.666
complete_n512,newtwin,6,9873.500
complete_n512,base,6,10095.000
complete_n512,base_ctl,7,9959.875
complete_n512,base,7,10001.792
complete_n512,newtwin,7,9867.750
complete_n512,new,7,9707.375
complete_n512,twin,7,10011.625
complete_n512,new,8,9772.042
complete_n512,newtwin,8,9805.833
complete_n512,base,8,10112.292
complete_n512,base_ctl,8,9988.167
complete_n512,twin,8,9986.667
complete_n512,new,9,9856.334
complete_n512,twin,9,9976.125
complete_n512,base_ctl,9,10018.333
complete_n512,base,9,9999.416
complete_n512,newtwin,9,9806.792
complete_n512,base,10,10019.417
complete_n512,base_ctl,10,10034.625
complete_n512,twin,10,9926.291
complete_n512,new,10,9705.959
complete_n512,newtwin,10,9852.833
complete_n512,base,11,10025.875
complete_n512,newtwin,11,9805.166
complete_n512,new,11,9742.583
complete_n512,twin,11,9917.042
complete_n512,base_ctl,11,10096.167
complete_n20,base,0,2.791
complete_n20,base_ctl,0,2.791
complete_n20,twin,0,2.625
complete_n20,new,0,2.500
complete_n20,newtwin,0,2.583
complete_n20,base,1,2.750
complete_n20,newtwin,1,2.542
complete_n20,new,1,2.458
complete_n20,twin,1,2.625
complete_n20,base_ctl,1,2.750
complete_n20,twin,2,2.625
complete_n20,new,2,2.458
complete_n20,newtwin,2,2.583
complete_n20,base,2,2.708
complete_n20,base_ctl,2,2.667
complete_n20,twin,3,2.625
complete_n20,base_ctl,3,2.708
complete_n20,base,3,2.708
complete_n20,newtwin,3,2.541
complete_n20,new,3,2.458
complete_n20,newtwin,4,2.542
complete_n20,base,4,2.708
complete_n20,base_ctl,4,2.708
complete_n20,twin,4,2.542
complete_n20,new,4,2.458
complete_n20,newtwin,5,2.541
complete_n20,new,5,2.458
complete_n20,twin,5,2.583
complete_n20,base_ctl,5,2.708
complete_n20,base,5,2.708
complete_n20,base_ctl,6,2.708
complete_n20,twin,6,2.583
complete_n20,new,6,2.458
complete_n20,newtwin,6,2.541
complete_n20,base,6,2.750
complete_n20,base_ctl,7,2.750
complete_n20,base,7,2.666
complete_n20,newtwin,7,2.541
complete_n20,new,7,2.500
complete_n20,twin,7,2.583
complete_n20,new,8,2.458
complete_n20,newtwin,8,2.541
complete_n20,base,8,2.708
complete_n20,base_ctl,8,2.708
complete_n20,twin,8,2.541
complete_n20,new,9,2.458
complete_n20,twin,9,2.583
complete_n20,base_ctl,9,2.708
complete_n20,base,9,2.708
complete_n20,newtwin,9,2.541
complete_n20,base,10,2.708
complete_n20,base_ctl,10,2.708
complete_n20,twin,10,2.583
complete_n20,new,10,2.458
complete_n20,newtwin,10,2.541
complete_n20,base,11,2.708
complete_n20,newtwin,11,2.541
complete_n20,new,11,2.416
complete_n20,twin,11,2.583
complete_n20,base_ctl,11,2.708
disc_2000x_path20,base,0,2232.209
disc_2000x_path20,base_ctl,0,2254.166
disc_2000x_path20,twin,0,2063.167
disc_2000x_path20,new,0,2010.083
disc_2000x_path20,newtwin,0,1989.667
disc_2000x_path20,base,1,2236.458
disc_2000x_path20,newtwin,1,1994.666
disc_2000x_path20,new,1,2025.625
disc_2000x_path20,twin,1,2065.208
disc_2000x_path20,base_ctl,1,2295.834
disc_2000x_path20,twin,2,2073.084
disc_2000x_path20,new,2,2003.959
disc_2000x_path20,newtwin,2,1986.000
disc_2000x_path20,base,2,2286.167
disc_2000x_path20,base_ctl,2,2282.334
disc_2000x_path20,twin,3,2080.500
disc_2000x_path20,base_ctl,3,2257.000
disc_2000x_path20,base,3,2253.458
disc_2000x_path20,newtwin,3,1997.917
disc_2000x_path20,new,3,2034.792
disc_2000x_path20,newtwin,4,1984.709
disc_2000x_path20,base,4,2245.958
disc_2000x_path20,base_ctl,4,2269.042
disc_2000x_path20,twin,4,2079.084
disc_2000x_path20,new,4,2002.417
disc_2000x_path20,newtwin,5,1991.333
disc_2000x_path20,new,5,2000.292
disc_2000x_path20,twin,5,2069.375
disc_2000x_path20,base_ctl,5,2285.125
disc_2000x_path20,base,5,2246.042
disc_2000x_path20,base_ctl,6,2235.958
disc_2000x_path20,twin,6,2074.125
disc_2000x_path20,new,6,2002.500
disc_2000x_path20,newtwin,6,1990.000
disc_2000x_path20,base,6,2251.667
disc_2000x_path20,base_ctl,7,2238.208
disc_2000x_path20,base,7,2247.542
disc_2000x_path20,newtwin,7,1984.292
disc_2000x_path20,new,7,1999.666
disc_2000x_path20,twin,7,2063.375
disc_2000x_path20,new,8,1997.750
disc_2000x_path20,newtwin,8,1982.667
disc_2000x_path20,base,8,2241.250
disc_2000x_path20,base_ctl,8,2252.417
disc_2000x_path20,twin,8,2065.042
disc_2000x_path20,new,9,2004.209
disc_2000x_path20,twin,9,2078.792
disc_2000x_path20,base_ctl,9,2251.666
disc_2000x_path20,base,9,2230.417
disc_2000x_path20,newtwin,9,1990.208
disc_2000x_path20,base,10,2238.875
disc_2000x_path20,base_ctl,10,2239.292
disc_2000x_path20,twin,10,2067.875
disc_2000x_path20,new,10,2003.625
disc_2000x_path20,newtwin,10,1985.959
disc_2000x_path20,base,11,2234.334
disc_2000x_path20,newtwin,11,1985.334
disc_2000x_path20,new,11,2005.875
disc_2000x_path20,twin,11,2076.084
disc_2000x_path20,base_ctl,11,2237.959
disc_2000x_path20_g20,base,0,2475.792
disc_2000x_path20_g20,base_ctl,0,2458.042
disc_2000x_path20_g20,twin,0,2244.333
disc_2000x_path20_g20,new,0,2211.375
disc_2000x_path20_g20,newtwin,0,2213.000
disc_2000x_path20_g20,base,1,2446.292
disc_2000x_path20_g20,newtwin,1,2215.125
disc_2000x_path20_g20,new,1,2221.333
disc_2000x_path20_g20,twin,1,2229.666
disc_2000x_path20_g20,base_ctl,1,2458.417
disc_2000x_path20_g20,twin,2,2246.750
disc_2000x_path20_g20,new,2,2214.000
disc_2000x_path20_g20,newtwin,2,2203.333
disc_2000x_path20_g20,base,2,2460.958
disc_2000x_path20_g20,base_ctl,2,2478.250
disc_2000x_path20_g20,twin,3,2236.708
disc_2000x_path20_g20,base_ctl,3,2451.125
disc_2000x_path20_g20,base,3,2460.667
disc_2000x_path20_g20,newtwin,3,2210.833
disc_2000x_path20_g20,new,3,2237.209
disc_2000x_path20_g20,newtwin,4,2209.416
disc_2000x_path20_g20,base,4,2499.417
disc_2000x_path20_g20,base_ctl,4,2481.000
disc_2000x_path20_g20,twin,4,2238.709
disc_2000x_path20_g20,new,4,2215.000
disc_2000x_path20_g20,newtwin,5,2218.750
disc_2000x_path20_g20,new,5,2245.334
disc_2000x_path20_g20,twin,5,2255.625
disc_2000x_path20_g20,base_ctl,5,2454.291
disc_2000x_path20_g20,base,5,2436.417
disc_2000x_path20_g20,base_ctl,6,2441.917
disc_2000x_path20_g20,twin,6,2240.417
disc_2000x_path20_g20,new,6,2269.458
disc_2000x_path20_g20,newtwin,6,2257.750
disc_2000x_path20_g20,base,6,2614.292
disc_2000x_path20_g20,base_ctl,7,2489.833
disc_2000x_path20_g20,base,7,2462.959
disc_2000x_path20_g20,newtwin,7,2239.667
disc_2000x_path20_g20,new,7,2221.042
disc_2000x_path20_g20,twin,7,2223.541
disc_2000x_path20_g20,new,8,2216.542
disc_2000x_path20_g20,newtwin,8,2262.458
disc_2000x_path20_g20,base,8,2442.084
disc_2000x_path20_g20,base_ctl,8,2477.375
disc_2000x_path20_g20,twin,8,2228.084
disc_2000x_path20_g20,new,9,2233.917
disc_2000x_path20_g20,twin,9,2235.250
disc_2000x_path20_g20,base_ctl,9,2468.875
disc_2000x_path20_g20,base,9,2459.500
disc_2000x_path20_g20,newtwin,9,2205.125
disc_2000x_path20_g20,base,10,2452.334
disc_2000x_path20_g20,base_ctl,10,2458.209
disc_2000x_path20_g20,twin,10,2251.459
disc_2000x_path20_g20,new,10,2249.916
disc_2000x_path20_g20,newtwin,10,2245.583
disc_2000x_path20_g20,base,11,2484.583
disc_2000x_path20_g20,newtwin,11,2242.416
disc_2000x_path20_g20,new,11,2253.541
disc_2000x_path20_g20,twin,11,2265.625
disc_2000x_path20_g20,base_ctl,11,2494.042
disc_50000x_path2,base,0,3648.584
disc_50000x_path2,base_ctl,0,3653.625
disc_50000x_path2,twin,0,3309.000
disc_50000x_path2,new,0,3370.500
disc_50000x_path2,newtwin,0,3377.833
disc_50000x_path2,base,1,3672.167
disc_50000x_path2,newtwin,1,3374.709
disc_50000x_path2,new,1,3646.333
disc_50000x_path2,twin,1,3218.875
disc_50000x_path2,base_ctl,1,3598.875
disc_50000x_path2,twin,2,3215.834
disc_50000x_path2,new,2,3622.292
disc_50000x_path2,newtwin,2,3478.959
disc_50000x_path2,base,2,3602.459
disc_50000x_path2,base_ctl,2,3650.750
disc_50000x_path2,twin,3,3241.750
disc_50000x_path2,base_ctl,3,3615.250
disc_50000x_path2,base,3,3639.875
disc_50000x_path2,newtwin,3,3546.500
disc_50000x_path2,new,3,3602.709
disc_50000x_path2,newtwin,4,3423.583
disc_50000x_path2,base,4,3613.417
disc_50000x_path2,base_ctl,4,3633.792
disc_50000x_path2,twin,4,3302.917
disc_50000x_path2,new,4,3513.792
disc_50000x_path2,newtwin,5,3427.250
disc_50000x_path2,new,5,3546.584
disc_50000x_path2,twin,5,3239.375
disc_50000x_path2,base_ctl,5,3630.959
disc_50000x_path2,base,5,3619.958
disc_50000x_path2,base_ctl,6,3632.167
disc_50000x_path2,twin,6,3272.167
disc_50000x_path2,new,6,3553.208
disc_50000x_path2,newtwin,6,3425.500
disc_50000x_path2,base,6,3600.458
disc_50000x_path2,base_ctl,7,3613.708
disc_50000x_path2,base,7,3607.291
disc_50000x_path2,newtwin,7,3358.834
disc_50000x_path2,new,7,3616.583
disc_50000x_path2,twin,7,3284.458
disc_50000x_path2,new,8,3595.125
disc_50000x_path2,newtwin,8,3425.916
disc_50000x_path2,base,8,3617.083
disc_50000x_path2,base_ctl,8,3591.458
disc_50000x_path2,twin,8,3232.500
disc_50000x_path2,new,9,3536.875
disc_50000x_path2,twin,9,3255.125
disc_50000x_path2,base_ctl,9,3597.125
disc_50000x_path2,base,9,3622.166
disc_50000x_path2,newtwin,9,3393.375
disc_50000x_path2,base,10,3630.167
disc_50000x_path2,base_ctl,10,3669.042
disc_50000x_path2,twin,10,3250.334
disc_50000x_path2,new,10,3550.792
disc_50000x_path2,newtwin,10,3404.750
disc_50000x_path2,base,11,3610.792
disc_50000x_path2,newtwin,11,3429.583
disc_50000x_path2,new,11,3590.625
disc_50000x_path2,twin,11,3269.875
disc_50000x_path2,base_ctl,11,3621.250
disc_4x_rand_n5000_deg8,base,0,29703.625
disc_4x_rand_n5000_deg8,base_ctl,0,30939.458
disc_4x_rand_n5000_deg8,twin,0,30116.542
disc_4x_rand_n5000_deg8,new,0,29645.958
disc_4x_rand_n5000_deg8,newtwin,0,29350.167
disc_4x_rand_n5000_deg8,base,1,30406.166
disc_4x_rand_n5000_deg8,newtwin,1,29911.458
disc_4x_rand_n5000_deg8,new,1,29578.166
disc_4x_rand_n5000_deg8,twin,1,29772.833
disc_4x_rand_n5000_deg8,base_ctl,1,30140.625
disc_4x_rand_n5000_deg8,twin,2,29678.833
disc_4x_rand_n5000_deg8,new,2,29616.416
disc_4x_rand_n5000_deg8,newtwin,2,29776.542
disc_4x_rand_n5000_deg8,base,2,29838.750
disc_4x_rand_n5000_deg8,base_ctl,2,30189.000
disc_4x_rand_n5000_deg8,twin,3,29690.459
disc_4x_rand_n5000_deg8,base_ctl,3,30070.792
disc_4x_rand_n5000_deg8,base,3,30402.625
disc_4x_rand_n5000_deg8,newtwin,3,29517.459
disc_4x_rand_n5000_deg8,new,3,29778.292
disc_4x_rand_n5000_deg8,newtwin,4,30284.459
disc_4x_rand_n5000_deg8,base,4,31064.292
disc_4x_rand_n5000_deg8,base_ctl,4,30155.667
disc_4x_rand_n5000_deg8,twin,4,30236.583
disc_4x_rand_n5000_deg8,new,4,31835.375
disc_4x_rand_n5000_deg8,newtwin,5,31405.333
disc_4x_rand_n5000_deg8,new,5,29967.250
disc_4x_rand_n5000_deg8,twin,5,30166.584
disc_4x_rand_n5000_deg8,base_ctl,5,30164.833
disc_4x_rand_n5000_deg8,base,5,30188.417
disc_4x_rand_n5000_deg8,base_ctl,6,30138.417
disc_4x_rand_n5000_deg8,twin,6,30107.083
disc_4x_rand_n5000_deg8,new,6,29877.583
disc_4x_rand_n5000_deg8,newtwin,6,29912.208
disc_4x_rand_n5000_deg8,base,6,30633.959
disc_4x_rand_n5000_deg8,base_ctl,7,30013.833
disc_4x_rand_n5000_deg8,base,7,30106.542
disc_4x_rand_n5000_deg8,newtwin,7,29509.042
disc_4x_rand_n5000_deg8,new,7,29516.041
disc_4x_rand_n5000_deg8,twin,7,29726.750
disc_4x_rand_n5000_deg8,new,8,29623.917
disc_4x_rand_n5000_deg8,newtwin,8,29195.125
disc_4x_rand_n5000_deg8,base,8,30130.459
disc_4x_rand_n5000_deg8,base_ctl,8,30679.708
disc_4x_rand_n5000_deg8,twin,8,29937.125
disc_4x_rand_n5000_deg8,new,9,30093.375
disc_4x_rand_n5000_deg8,twin,9,29892.125
disc_4x_rand_n5000_deg8,base_ctl,9,29841.042
disc_4x_rand_n5000_deg8,base,9,29968.584
disc_4x_rand_n5000_deg8,newtwin,9,28791.500
disc_4x_rand_n5000_deg8,base,10,30177.500
disc_4x_rand_n5000_deg8,base_ctl,10,30014.750
disc_4x_rand_n5000_deg8,twin,10,29759.459
disc_4x_rand_n5000_deg8,new,10,29774.417
disc_4x_rand_n5000_deg8,newtwin,10,29787.416
disc_4x_rand_n5000_deg8,base,11,30783.208
disc_4x_rand_n5000_deg8,newtwin,11,29626.125
disc_4x_rand_n5000_deg8,new,11,29653.084
disc_4x_rand_n5000_deg8,twin,11,29822.542
disc_4x_rand_n5000_deg8,base_ctl,11,30888.541
isolated_n1000000_g1,base,0,50639.459
isolated_n1000000_g1,base_ctl,0,50579.834
isolated_n1000000_g1,twin,0,46584.667
isolated_n1000000_g1,new,0,53100.084
isolated_n1000000_g1,newtwin,0,53060.708
isolated_n1000000_g1,base,1,51833.375
isolated_n1000000_g1,newtwin,1,51056.292
isolated_n1000000_g1,new,1,53312.291
isolated_n1000000_g1,twin,1,48486.750
isolated_n1000000_g1,base_ctl,1,52136.208
isolated_n1000000_g1,twin,2,48602.291
isolated_n1000000_g1,new,2,55214.792
isolated_n1000000_g1,newtwin,2,51777.750
isolated_n1000000_g1,base,2,51504.041
isolated_n1000000_g1,base_ctl,2,51502.334
isolated_n1000000_g1,twin,3,47932.083
isolated_n1000000_g1,base_ctl,3,51471.500
isolated_n1000000_g1,base,3,51184.375
isolated_n1000000_g1,newtwin,3,50883.041
isolated_n1000000_g1,new,3,53135.791
isolated_n1000000_g1,newtwin,4,50924.208
isolated_n1000000_g1,base,4,50970.458
isolated_n1000000_g1,base_ctl,4,51054.083
isolated_n1000000_g1,twin,4,47716.500
isolated_n1000000_g1,new,4,53763.041
isolated_n1000000_g1,newtwin,5,51368.250
isolated_n1000000_g1,new,5,53921.625
isolated_n1000000_g1,twin,5,47139.958
isolated_n1000000_g1,base_ctl,5,51478.875
isolated_n1000000_g1,base,5,50693.042
isolated_n1000000_g1,base_ctl,6,51275.667
isolated_n1000000_g1,twin,6,47738.250
isolated_n1000000_g1,new,6,52861.875
isolated_n1000000_g1,newtwin,6,51496.792
isolated_n1000000_g1,base,6,51151.500
isolated_n1000000_g1,base_ctl,7,50780.875
isolated_n1000000_g1,base,7,51363.083
isolated_n1000000_g1,newtwin,7,52212.250
isolated_n1000000_g1,new,7,53292.625
isolated_n1000000_g1,twin,7,47684.667
isolated_n1000000_g1,new,8,53990.209
isolated_n1000000_g1,newtwin,8,53161.125
isolated_n1000000_g1,base,8,51387.625
isolated_n1000000_g1,base_ctl,8,51392.375
isolated_n1000000_g1,twin,8,47462.500
isolated_n1000000_g1,new,9,54469.583
isolated_n1000000_g1,twin,9,47926.208
isolated_n1000000_g1,base_ctl,9,51386.042
isolated_n1000000_g1,base,9,51101.625
isolated_n1000000_g1,newtwin,9,51699.583
isolated_n1000000_g1,base,10,51275.083
isolated_n1000000_g1,base_ctl,10,51149.708
isolated_n1000000_g1,twin,10,48401.375
isolated_n1000000_g1,new,10,56138.041
isolated_n1000000_g1,newtwin,10,52236.541
isolated_n1000000_g1,base,11,51646.791
isolated_n1000000_g1,newtwin,11,52210.209
isolated_n1000000_g1,new,11,54031.375
isolated_n1000000_g1,twin,11,48140.625
isolated_n1000000_g1,base_ctl,11,51619.750
